,user_id,award_id,paper_count,paper_authOrder_0,paper_conferenceChoice_0,paper_paperState_0,paper_labels_0,paper_authOrder_1,paper_conferenceChoice_1,paper_paperState_1,paper_labels_1,paper_authOrder_2,paper_conferenceChoice_2,paper_paperState_2,paper_labels_2,patent_record_count,patent_record_classify_0,patent_record_classify_1,patent_record_classify_2,research_award_count,research_award_competeRange_0,research_award_awardLevel_0,research_award_labels_0,research_award_competeRange_1,research_award_awardLevel_1,research_award_labels_1,research_award_competeRange_2,research_award_awardLevel_2,research_award_labels_2,research_project_count,research_project_projectType_0,research_project_projectType_1,research_project_projectType_2,competition_award_count,competition_award_competeRange_0,competition_award_awardLevel_0,competition_award_labels_0,competition_award_competeRange_1,competition_award_awardLevel_1,competition_award_labels_1,competition_award_competeRange_2,competition_award_awardLevel_2,competition_award_labels_2,honor_title_count,honor_title_honorRank_0,honor_title_honorRank_1,honor_title_honorRank_2,other_achievements_count,other_achievements_honorRank_0,other_achievements_honorRank_1,other_achievements_honorRank_2,专业选修课成绩,专业选修课学分,专业必修课成绩,专业必修课学分,选修课成绩,选修课学分,公共必修课成绩,公共必修课学分,未分类课成绩,未分类课学分,总成绩,总学分
0,2993.0,3,0,0,0,0,0,0,0,0,0,0,0,0,0,0,0,0,0,0,0,0,0,0,0,0,0,0,0,1,6,0,0,0,0,0,0,0,0,0,0,0,0,0,0,0,0,0,0,0,0,0.0,0.0,0.0,0.0,90.94736842105264,9.5,0.0,0.0,85.90322580645163,15.5,87.82,25.0
1,2995.0,3,1,1,1,4,5,0,0,0,0,0,0,0,0,0,0,0,0,0,0,0,0,0,0,0,0,0,0,0,0,0,0,0,0,0,0,0,0,0,0,0,0,0,0,0,0,0,0,0,0,0.0,0.0,0.0,0.0,82.69230769230771,6.5,0.0,0.0,86.45945945945945,18.5,85.48,25.0
2,2997.0,2,0,0,0,0,0,0,0,0,0,0,0,0,0,0,0,0,0,0,0,0,0,0,0,0,0,0,0,0,0,0,0,0,0,0,0,0,0,0,0,0,0,2,2,4,0,0,0,0,0,0.0,0.0,0.0,0.0,85.0,7.0,0.0,0.0,87.77777777777777,18.0,87.0,25.0
3,3001.0,3,0,0,0,0,0,0,0,0,0,0,0,0,0,0,0,0,0,0,0,0,0,0,0,0,0,0,0,0,0,0,0,0,0,0,0,0,0,0,0,0,0,0,0,0,0,1,2,0,0,0.0,0.0,0.0,0.0,90.04347826086956,11.5,0.0,0.0,90.48148148148148,13.5,90.28,25.0
4,3005.0,2,2,1,1,1,6,1,1,1,6,0,0,0,0,0,0,0,0,0,0,0,0,0,0,0,0,0,0,0,0,0,0,0,0,0,0,0,0,0,0,0,0,0,0,0,0,0,0,0,0,0.0,0.0,0.0,0.0,77.5,4.0,0.0,0.0,78.42857142857143,21.0,78.28,25.0
5,3009.0,2,1,3,1,1,3,0,0,0,0,0,0,0,0,0,0,0,0,0,0,0,0,0,0,0,0,0,0,0,0,0,0,0,0,0,0,0,0,0,0,0,0,0,0,0,0,0,0,0,0,0.0,0.0,0.0,0.0,90.57142857142857,3.5,0.0,0.0,84.34883720930233,21.5,85.22,25.0
6,3014.0,2,0,0,0,0,0,0,0,0,0,0,0,0,0,1,1,0,0,0,0,0,0,0,0,0,0,0,0,0,0,0,0,0,0,0,0,0,0,0,0,0,0,0,0,0,0,0,0,0,0,0.0,0.0,0.0,0.0,87.93333333333334,7.5,0.0,0.0,89.0,17.5,88.68,25.0
7,3017.0,3,0,0,0,0,0,0,0,0,0,0,0,0,0,0,0,0,0,0,0,0,0,0,0,0,0,0,0,0,0,0,0,0,0,0,0,0,0,0,0,0,0,0,0,0,0,1,2,0,0,0.0,0.0,0.0,0.0,89.31578947368419,9.5,0.0,0.0,90.09677419354837,15.5,89.8,25.0
8,3020.0,2,1,3,1,1,3,0,0,0,0,0,0,0,0,0,0,0,0,0,0,0,0,0,0,0,0,0,0,0,0,0,0,0,0,0,0,0,0,0,0,0,0,0,0,0,0,0,0,0,0,0.0,0.0,0.0,0.0,87.68421052631581,9.5,0.0,0.0,90.80645161290323,15.5,89.62,25.0
9,3023.0,2,3,3,1,1,3,1,1,3,1,3,1,1,3,0,0,0,0,0,0,0,0,0,0,0,0,0,0,0,0,0,0,0,0,0,0,0,0,0,0,0,0,0,0,0,0,0,0,0,0,0.0,0.0,0.0,0.0,84.52631578947368,9.5,0.0,0.0,87.80645161290323,15.5,86.56,25.0
10,3026.0,3,0,0,0,0,0,0,0,0,0,0,0,0,0,0,0,0,0,0,0,0,0,0,0,0,0,0,0,1,3,0,0,0,0,0,0,0,0,0,0,0,0,0,0,0,0,0,0,0,0,0.0,0.0,0.0,0.0,87.73333333333332,7.5,0.0,0.0,89.74285714285715,17.5,89.14,25.0
11,3036.0,2,0,0,0,0,0,0,0,0,0,0,0,0,0,0,0,0,0,0,0,0,0,0,0,0,0,0,0,0,0,0,0,1,4,6,5,0,0,0,0,0,0,0,0,0,0,0,0,0,0,0.0,0.0,0.0,0.0,87.81818181818181,5.5,0.0,0.0,75.06976744186046,21.5,77.66666666666667,27.0
12,3037.0,2,2,1,1,1,6,1,1,2,1,0,0,0,0,0,0,0,0,0,0,0,0,0,0,0,0,0,0,0,0,0,0,0,0,0,0,0,0,0,0,0,0,0,0,0,0,0,0,0,0,0.0,0.0,0.0,0.0,89.57142857142857,7.0,0.0,0.0,87.6388888888889,18.0,88.18,25.0
13,3040.0,2,2,1,2,2,2,3,1,1,3,0,0,0,0,1,1,0,0,0,0,0,0,0,0,0,0,0,0,0,0,0,0,0,0,0,0,0,0,0,0,0,0,0,0,0,0,0,0,0,0,0.0,0.0,0.0,0.0,84.52173913043478,11.5,0.0,0.0,90.32258064516131,15.5,87.85185185185185,27.0
14,3046.0,3,0,0,0,0,0,0,0,0,0,0,0,0,0,0,0,0,0,0,0,0,0,0,0,0,0,0,0,0,0,0,0,0,0,0,0,0,0,0,0,0,0,1,4,0,0,1,2,0,0,0.0,0.0,0.0,0.0,86.22222222222223,13.5,0.0,0.0,89.8695652173913,11.5,87.9,25.0
15,3078.0,1,0,0,0,0,0,0,0,0,0,0,0,0,0,0,0,0,0,2,3,2,7,2,6,6,0,0,0,0,0,0,0,3,2,6,4,3,6,5,3,6,5,5,3,4,4,0,0,0,0,98.0,2.0,0.0,0.0,0.0,0.0,0.0,0.0,89.77419354838709,15.5,90.71428571428572,17.5
16,3079.0,1,0,0,0,0,0,0,0,0,0,0,0,0,0,0,0,0,0,2,2,3,1,3,3,1,0,0,0,0,0,0,0,0,0,0,0,0,0,0,0,0,0,3,2,3,4,0,0,0,0,83.5,4.0,0.0,0.0,0.0,0.0,0.0,0.0,84.75,8.0,84.33333333333333,12.0
17,3102.0,1,1,4,1,1,3,0,0,0,0,0,0,0,0,0,0,0,0,0,0,0,0,0,0,0,0,0,0,0,0,0,0,0,0,0,0,0,0,0,0,0,0,1,4,0,0,4,6,2,6,0.0,0.0,0.0,0.0,0.0,0.0,85.0,2.0,88.03333333333332,15.0,87.6764705882353,17.0
18,3108.0,1,0,0,0,0,0,0,0,0,0,0,0,0,0,0,0,0,0,0,0,0,0,0,0,0,0,0,0,0,0,0,0,1,1,2,2,0,0,0,0,0,0,0,0,0,0,0,0,0,0,70.0,2.0,0.0,0.0,0.0,0.0,0.0,0.0,86.1875,8.0,82.95,10.0
19,3121.0,1,0,0,0,0,0,0,0,0,0,0,0,0,0,0,0,0,0,0,0,0,0,0,0,0,0,0,0,0,0,0,0,0,0,0,0,0,0,0,0,0,0,1,5,0,0,0,0,0,0,0.0,0.0,0.0,0.0,0.0,0.0,0.0,0.0,91.02857142857141,17.5,91.02857142857141,17.5
20,3128.0,1,0,0,0,0,0,0,0,0,0,0,0,0,0,0,0,0,0,0,0,0,0,0,0,0,0,0,0,0,0,0,0,4,1,2,2,1,2,2,3,2,1,7,2,2,4,0,0,0,0,0.0,0.0,0.0,0.0,0.0,0.0,0.0,0.0,88.375,16.0,88.375,16.0
21,3152.0,8,0,0,0,0,0,0,0,0,0,0,0,0,0,0,0,0,0,0,0,0,0,0,0,0,0,0,0,0,0,0,0,0,0,0,0,0,0,0,0,0,0,0,0,0,0,2,3,1,0,96.0,2.0,0.0,0.0,0.0,0.0,85.0,2.0,82.52941176470588,8.5,85.08,12.5
22,3163.0,2,2,1,2,3,2,1,2,3,2,0,0,0,0,0,0,0,0,0,0,0,0,0,0,0,0,0,0,0,0,0,0,0,0,0,0,0,0,0,0,0,0,0,0,0,0,0,0,0,0,0.0,0.0,0.0,0.0,0.0,0.0,0.0,0.0,80.53846153846153,26.0,80.53846153846153,26.0
23,3166.0,2,2,1,1,4,5,1,1,1,6,0,0,0,0,1,1,0,0,0,0,0,0,0,0,0,0,0,0,1,1,0,0,0,0,0,0,0,0,0,0,0,0,1,4,0,0,0,0,0,0,0.0,0.0,0.0,0.0,92.0,2.0,0.0,0.0,89.4375,24.0,89.63461538461539,26.0
24,3167.0,3,1,3,1,1,3,0,0,0,0,0,0,0,0,0,0,0,0,0,0,0,0,0,0,0,0,0,0,1,6,0,0,0,0,0,0,0,0,0,0,0,0,3,4,4,5,0,0,0,0,0.0,0.0,0.0,0.0,0.0,0.0,0.0,0.0,84.36,25.0,84.36,25.0
25,3170.0,3,0,0,0,0,0,0,0,0,0,0,0,0,0,0,0,0,0,0,0,0,0,0,0,0,0,0,0,1,4,0,0,0,0,0,0,0,0,0,0,0,0,0,0,0,0,0,0,0,0,0.0,0.0,0.0,0.0,0.0,0.0,85.0,2.0,86.80434782608695,23.0,86.66,25.0
26,3172.0,3,0,0,0,0,0,0,0,0,0,0,0,0,0,0,0,0,0,0,0,0,0,0,0,0,0,0,0,6,1,6,6,0,0,0,0,0,0,0,0,0,0,0,0,0,0,0,0,0,0,0.0,0.0,0.0,0.0,92.0,3.0,0.0,0.0,80.86363636363636,22.0,82.2,25.0
27,3174.0,2,1,1,1,2,1,0,0,0,0,0,0,0,0,0,0,0,0,0,0,0,0,0,0,0,0,0,0,0,0,0,0,0,0,0,0,0,0,0,0,0,0,0,0,0,0,0,0,0,0,0.0,0.0,0.0,0.0,94.0,2.0,0.0,0.0,86.75,24.0,87.30769230769229,26.0
28,3175.0,3,1,1,1,4,5,0,0,0,0,0,0,0,0,0,0,0,0,0,0,0,0,0,0,0,0,0,0,0,0,0,0,0,0,0,0,0,0,0,0,0,0,0,0,0,0,0,0,0,0,0.0,0.0,0.0,0.0,0.0,0.0,85.0,2.0,87.48,25.0,87.29629629629629,27.0
29,3182.0,0,1,3,1,1,3,0,0,0,0,0,0,0,0,0,0,0,0,0,0,0,0,0,0,0,0,0,0,0,0,0,0,0,0,0,0,0,0,0,0,0,0,0,0,0,0,0,0,0,0,0.0,0.0,0.0,0.0,90.0,2.0,85.0,2.0,84.3695652173913,23.0,84.83333333333333,27.0
30,3185.0,3,0,0,0,0,0,0,0,0,0,0,0,0,0,0,0,0,0,0,0,0,0,0,0,0,0,0,0,2,6,6,0,0,0,0,0,0,0,0,0,0,0,6,4,4,4,0,0,0,0,0.0,0.0,0.0,0.0,0.0,0.0,0.0,0.0,88.92592592592592,27.0,88.92592592592592,27.0
31,3189.0,3,0,0,0,0,0,0,0,0,0,0,0,0,0,0,0,0,0,1,2,4,5,0,0,0,0,0,0,0,0,0,0,0,0,0,0,0,0,0,0,0,0,1,4,0,0,1,2,0,0,0.0,0.0,0.0,0.0,0.0,0.0,0.0,0.0,90.8653846153846,26.0,90.8653846153846,26.0
32,3195.0,3,0,0,0,0,0,0,0,0,0,0,0,0,0,0,0,0,0,0,0,0,0,0,0,0,0,0,0,0,0,0,0,0,0,0,0,0,0,0,0,0,0,3,3,3,3,0,0,0,0,0.0,0.0,0.0,0.0,0.0,0.0,85.0,2.0,84.48,25.0,84.51851851851852,27.0
33,3198.0,2,2,1,3,4,2,3,2,2,7,0,0,0,0,1,1,0,0,0,0,0,0,0,0,0,0,0,0,1,6,0,0,0,0,0,0,0,0,0,0,0,0,0,0,0,0,1,6,0,0,0.0,0.0,0.0,0.0,91.6,5.0,0.0,0.0,90.525,20.0,90.74,25.0
34,3211.0,2,1,3,2,2,7,0,0,0,0,0,0,0,0,0,0,0,0,0,0,0,0,0,0,0,0,0,0,0,0,0,0,0,0,0,0,0,0,0,0,0,0,0,0,0,0,0,0,0,0,0.0,0.0,0.0,0.0,0.0,0.0,0.0,0.0,88.48,25.0,88.48,25.0
35,3220.0,3,0,0,0,0,0,0,0,0,0,0,0,0,0,0,0,0,0,0,0,0,0,0,0,0,0,0,0,0,0,0,0,0,0,0,0,0,0,0,0,0,0,5,4,4,4,0,0,0,0,0.0,0.0,0.0,0.0,0.0,0.0,0.0,0.0,91.42307692307692,26.0,91.42307692307692,26.0
36,3225.0,4,1,1,1,4,5,0,0,0,0,0,0,0,0,0,0,0,0,0,0,0,0,0,0,0,0,0,0,0,0,0,0,0,0,0,0,0,0,0,0,0,0,2,4,4,0,0,0,0,0,0.0,0.0,0.0,0.0,95.0,3.0,0.0,0.0,89.25,24.0,89.8888888888889,27.0
37,3231.0,3,0,0,0,0,0,0,0,0,0,0,0,0,0,0,0,0,0,0,0,0,0,0,0,0,0,0,0,1,3,0,0,0,0,0,0,0,0,0,0,0,0,2,4,5,0,0,0,0,0,0.0,0.0,0.0,0.0,93.0,2.0,0.0,0.0,88.80434782608695,23.0,89.14,25.0
38,3235.0,3,0,0,0,0,0,0,0,0,0,0,0,0,0,0,0,0,0,0,0,0,0,0,0,0,0,0,0,1,1,0,0,0,0,0,0,0,0,0,0,0,0,2,4,4,0,0,0,0,0,0.0,0.0,0.0,0.0,89.0,2.0,0.0,0.0,88.05769230769229,26.0,88.125,28.0
39,3238.0,3,0,0,0,0,0,0,0,0,0,0,0,0,0,1,1,0,0,0,0,0,0,0,0,0,0,0,0,0,0,0,0,0,0,0,0,0,0,0,0,0,0,0,0,0,0,0,0,0,0,0.0,0.0,0.0,0.0,0.0,0.0,85.0,2.0,86.69565217391305,23.0,86.56,25.0
40,3239.0,3,1,2,1,3,1,0,0,0,0,0,0,0,0,0,0,0,0,0,0,0,0,0,0,0,0,0,0,0,0,0,0,0,0,0,0,0,0,0,0,0,0,0,0,0,0,0,0,0,0,0.0,0.0,0.0,0.0,95.0,3.0,85.0,2.0,78.84782608695652,23.0,81.01785714285714,28.0
41,3240.0,3,0,0,0,0,0,0,0,0,0,0,0,0,0,0,0,0,0,0,0,0,0,0,0,0,0,0,0,0,0,0,0,0,0,0,0,0,0,0,0,0,0,1,4,0,0,0,0,0,0,0.0,0.0,0.0,0.0,0.0,0.0,0.0,0.0,85.09615384615384,26.0,85.09615384615384,26.0
42,3241.0,3,0,0,0,0,0,0,0,0,0,0,0,0,0,0,0,0,0,0,0,0,0,0,0,0,0,0,0,0,0,0,0,0,0,0,0,0,0,0,0,0,0,1,4,0,0,0,0,0,0,0.0,0.0,0.0,0.0,90.0,3.0,85.0,2.0,86.675,20.0,86.94,25.0
43,3374.0,3,0,0,0,0,0,0,0,0,0,0,0,0,0,0,0,0,0,0,0,0,0,0,0,0,0,0,0,1,6,0,0,0,0,0,0,0,0,0,0,0,0,0,0,0,0,0,0,0,0,0.0,0.0,0.0,0.0,88.0,6.0,0.0,0.0,89.52631578947368,19.0,89.16,25.0
44,3382.0,2,1,3,2,2,7,0,0,0,0,0,0,0,0,0,0,0,0,0,0,0,0,0,0,0,0,0,0,0,0,0,0,0,0,0,0,0,0,0,0,0,0,0,0,0,0,0,0,0,0,0.0,0.0,0.0,0.0,93.73333333333332,7.5,0.0,0.0,89.2857142857143,17.5,90.62,25.0
45,3390.0,3,0,0,0,0,0,0,0,0,0,0,0,0,0,0,0,0,0,0,0,0,0,0,0,0,0,0,0,0,0,0,0,1,2,4,7,0,0,0,0,0,0,0,0,0,0,0,0,0,0,0.0,0.0,0.0,0.0,88.42857142857143,7.0,0.0,0.0,86.19444444444444,18.0,86.82,25.0
46,3401.0,2,0,0,0,0,0,0,0,0,0,0,0,0,0,0,0,0,0,0,0,0,0,0,0,0,0,0,0,0,0,0,0,0,0,0,0,0,0,0,0,0,0,1,5,0,0,0,0,0,0,0.0,0.0,0.0,0.0,83.5,4.0,80.0,2.0,88.42105263157896,19.0,86.96,25.0
47,3411.0,2,1,1,1,4,5,0,0,0,0,0,0,0,0,0,0,0,0,0,0,0,0,0,0,0,0,0,0,0,0,0,0,0,0,0,0,0,0,0,0,0,0,0,0,0,0,0,0,0,0,0.0,0.0,0.0,0.0,80.5625,8.0,0.0,0.0,88.36,25.0,86.46969696969695,33.0
48,3423.0,2,0,0,0,0,0,0,0,0,0,0,0,0,0,0,0,0,0,0,0,0,0,0,0,0,0,0,0,1,6,0,0,1,2,3,7,0,0,0,0,0,0,0,0,0,0,0,0,0,0,0.0,0.0,0.0,0.0,85.65,10.0,0.0,0.0,89.0,15.0,87.66,25.0
49,3427.0,2,0,0,0,0,0,0,0,0,0,0,0,0,0,0,0,0,0,0,0,0,0,0,0,0,0,0,0,0,0,0,0,0,0,0,0,0,0,0,0,0,0,2,4,4,0,0,0,0,0,0.0,0.0,0.0,0.0,85.375,4.0,0.0,0.0,88.2857142857143,21.0,87.82,25.0
50,3434.0,3,0,0,0,0,0,0,0,0,0,0,0,0,0,0,0,0,0,0,0,0,0,0,0,0,0,0,0,0,0,0,0,0,0,0,0,0,0,0,0,0,0,0,0,0,0,1,2,0,0,0.0,0.0,0.0,0.0,90.7894736842105,9.5,0.0,0.0,86.38709677419355,15.5,88.06,25.0
51,3439.0,3,0,0,0,0,0,0,0,0,0,0,0,0,0,0,0,0,0,0,0,0,0,0,0,0,0,0,0,2,3,4,0,0,0,0,0,0,0,0,0,0,0,0,0,0,0,0,0,0,0,0.0,0.0,0.0,0.0,79.92857142857143,7.0,0.0,0.0,86.55555555555556,18.0,84.7,25.0
52,3444.0,3,0,0,0,0,0,0,0,0,0,0,0,0,0,0,0,0,0,0,0,0,0,0,0,0,0,0,0,2,6,6,0,0,0,0,0,0,0,0,0,0,0,0,0,0,0,0,0,0,0,0.0,0.0,0.0,0.0,86.66666666666669,6.0,0.0,0.0,89.80952380952381,21.0,89.1111111111111,27.0
53,3461.0,3,0,0,0,0,0,0,0,0,0,0,0,0,0,0,0,0,0,0,0,0,0,0,0,0,0,0,0,2,6,6,0,0,0,0,0,0,0,0,0,0,0,0,0,0,0,0,0,0,0,0.0,0.0,0.0,0.0,86.2,5.0,0.0,0.0,82.36363636363636,22.0,83.07407407407408,27.0
54,3474.0,3,0,0,0,0,0,0,0,0,0,0,0,0,0,0,0,0,0,0,0,0,0,0,0,0,0,0,0,2,6,6,0,0,0,0,0,0,0,0,0,0,0,0,0,0,0,0,0,0,0,0.0,0.0,0.0,0.0,82.5625,8.0,0.0,0.0,75.82352941176471,17.0,77.98,25.0
55,3475.0,3,0,0,0,0,0,0,0,0,0,0,0,0,0,0,0,0,0,0,0,0,0,0,0,0,0,0,0,0,0,0,0,0,0,0,0,0,0,0,0,0,0,1,3,0,0,0,0,0,0,0.0,0.0,0.0,0.0,82.0,0.5,0.0,0.0,84.95918367346937,24.5,84.9,25.0
56,3480.0,3,0,0,0,0,0,0,0,0,0,0,0,0,0,0,0,0,0,0,0,0,0,0,0,0,0,0,0,0,0,0,0,0,0,0,0,0,0,0,0,0,0,0,0,0,0,1,2,0,0,0.0,0.0,0.0,0.0,88.66666666666669,3.0,0.0,0.0,88.20454545454545,22.0,88.26,25.0
57,3497.0,2,2,1,1,4,5,3,2,2,7,0,0,0,0,0,0,0,0,0,0,0,0,0,0,0,0,0,0,0,0,0,0,0,0,0,0,0,0,0,0,0,0,0,0,0,0,0,0,0,0,0.0,0.0,0.0,0.0,88.125,12.0,0.0,0.0,85.46153846153847,13.0,86.74,25.0
58,3504.0,3,0,0,0,0,0,0,0,0,0,0,0,0,0,0,0,0,0,0,0,0,0,0,0,0,0,0,0,0,0,0,0,0,0,0,0,0,0,0,0,0,0,1,5,0,0,0,0,0,0,0.0,0.0,0.0,0.0,88.85714285714286,7.0,0.0,0.0,88.29523809523809,21.0,88.43571428571428,28.0
59,3505.0,3,0,0,0,0,0,0,0,0,0,0,0,0,0,0,0,0,0,0,0,0,0,0,0,0,0,0,0,0,0,0,0,0,0,0,0,0,0,0,0,0,0,0,0,0,0,1,2,0,0,0.0,0.0,0.0,0.0,86.2,10.0,0.0,0.0,86.06666666666666,15.0,86.12,25.0
60,3509.0,3,0,0,0,0,0,0,0,0,0,0,0,0,0,0,0,0,0,0,0,0,0,0,0,0,0,0,0,0,0,0,0,0,0,0,0,0,0,0,0,0,0,0,0,0,0,1,2,0,0,0.0,0.0,0.0,0.0,84.31818181818181,11.0,0.0,0.0,90.84285714285713,14.0,87.97200000000002,25.0
61,3512.0,4,0,0,0,0,0,0,0,0,0,0,0,0,0,0,0,0,0,0,0,0,0,0,0,0,0,0,0,3,6,6,6,1,3,2,1,0,0,0,0,0,0,0,0,0,0,0,0,0,0,0.0,0.0,0.0,0.0,85.84210526315789,9.5,0.0,0.0,76.56129032258065,15.5,80.08800000000002,25.0
62,3516.0,3,0,0,0,0,0,0,0,0,0,0,0,0,0,0,0,0,0,0,0,0,0,0,0,0,0,0,0,0,0,0,0,0,0,0,0,0,0,0,0,0,0,0,0,0,0,1,2,0,0,0.0,0.0,0.0,0.0,90.66666666666669,6.0,0.0,0.0,84.78947368421052,19.0,86.2,25.0
63,3518.0,3,0,0,0,0,0,0,0,0,0,0,0,0,0,0,0,0,0,0,0,0,0,0,0,0,0,0,0,0,0,0,0,0,0,0,0,0,0,0,0,0,0,0,0,0,0,2,2,6,0,0.0,0.0,0.0,0.0,88.125,8.0,0.0,0.0,90.28571428571428,21.0,89.6896551724138,29.0
64,3522.0,3,0,0,0,0,0,0,0,0,0,0,0,0,0,0,0,0,0,0,0,0,0,0,0,0,0,0,0,0,0,0,0,0,0,0,0,0,0,0,0,0,0,0,0,0,0,1,2,0,0,0.0,0.0,0.0,0.0,85.85714285714286,7.0,0.0,0.0,87.26315789473685,19.0,86.88461538461539,26.0
65,3525.0,2,0,0,0,0,0,0,0,0,0,0,0,0,0,0,0,0,0,0,0,0,0,0,0,0,0,0,0,0,0,0,0,0,0,0,0,0,0,0,0,0,0,3,2,4,4,0,0,0,0,0.0,0.0,0.0,0.0,86.65,10.0,0.0,0.0,85.26666666666667,15.0,85.82,25.0
66,3534.0,3,0,0,0,0,0,0,0,0,0,0,0,0,0,0,0,0,0,0,0,0,0,0,0,0,0,0,0,1,6,0,0,0,0,0,0,0,0,0,0,0,0,0,0,0,0,1,2,0,0,0.0,0.0,0.0,0.0,90.63636363636364,5.5,0.0,0.0,88.57948717948717,19.5,89.03200000000002,25.0
67,3535.0,3,0,0,0,0,0,0,0,0,0,0,0,0,0,0,0,0,0,0,0,0,0,0,0,0,0,0,0,1,6,0,0,0,0,0,0,0,0,0,0,0,0,1,4,0,0,1,2,0,0,0.0,0.0,0.0,0.0,89.33333333333331,1.5,91.0,0.5,84.6,23.0,85.012,25.0
68,3536.0,3,0,0,0,0,0,0,0,0,0,0,0,0,0,0,0,0,0,0,0,0,0,0,0,0,0,0,0,0,0,0,0,0,0,0,0,0,0,0,0,0,0,0,0,0,0,2,1,1,0,0.0,0.0,0.0,0.0,86.47368421052632,9.5,0.0,0.0,83.02580645161291,15.5,84.336,25.0
69,3538.0,4,0,0,0,0,0,0,0,0,0,0,0,0,0,0,0,0,0,0,0,0,0,0,0,0,0,0,0,1,3,0,0,0,0,0,0,0,0,0,0,0,0,1,4,0,0,0,0,0,0,0.0,0.0,0.0,0.0,90.63636363636364,11.0,0.0,0.0,95.575,16.0,93.56296296296296,27.0
70,3540.0,3,0,0,0,0,0,0,0,0,0,0,0,0,0,0,0,0,0,0,0,0,0,0,0,0,0,0,0,0,0,0,0,0,0,0,0,0,0,0,0,0,0,0,0,0,0,1,2,0,0,0.0,0.0,0.0,0.0,91.1875,8.0,0.0,0.0,84.56842105263158,19.0,86.52962962962965,27.0
71,3546.0,3,0,0,0,0,0,0,0,0,0,0,0,0,0,0,0,0,0,0,0,0,0,0,0,0,0,0,0,0,0,0,0,0,0,0,0,0,0,0,0,0,0,1,5,0,0,0,0,0,0,0.0,0.0,0.0,0.0,87.94117647058823,8.5,0.0,0.0,84.71515151515152,16.5,85.81200000000003,25.0
72,3548.0,3,0,0,0,0,0,0,0,0,0,0,0,0,0,0,0,0,0,0,0,0,0,0,0,0,0,0,0,0,0,0,0,0,0,0,0,0,0,0,0,0,0,0,0,0,0,1,2,0,0,0.0,0.0,0.0,0.0,88.41666666666669,6.0,0.0,0.0,87.15789473684212,19.0,87.46,25.0
73,3550.0,3,0,0,0,0,0,0,0,0,0,0,0,0,0,0,0,0,0,0,0,0,0,0,0,0,0,0,0,0,0,0,0,0,0,0,0,0,0,0,0,0,0,0,0,0,0,1,2,0,0,0.0,0.0,0.0,0.0,88.89473684210527,9.5,0.0,0.0,92.87096774193549,15.5,91.36,25.0
74,3555.0,3,0,0,0,0,0,0,0,0,0,0,0,0,0,0,0,0,0,0,0,0,0,0,0,0,0,0,0,0,0,0,0,0,0,0,0,0,0,0,0,0,0,0,0,0,0,1,2,0,0,0.0,0.0,0.0,0.0,88.15,10.0,0.0,0.0,88.4,15.0,88.3,25.0
75,3558.0,1,0,0,0,0,0,0,0,0,0,0,0,0,0,0,0,0,0,0,0,0,0,0,0,0,0,0,0,0,0,0,0,0,0,0,0,0,0,0,0,0,0,4,3,4,4,0,0,0,0,0.0,0.0,0.0,0.0,0.0,0.0,0.0,0.0,87.32258064516131,15.5,87.32258064516131,15.5
76,3563.0,6,0,0,0,0,0,0,0,0,0,0,0,0,0,0,0,0,0,0,0,0,0,0,0,0,0,0,0,0,0,0,0,1,2,4,7,0,0,0,0,0,0,2,4,6,0,0,0,0,0,0.0,0.0,0.0,0.0,0.0,0.0,85.0,2.0,88.64705882352942,17.0,88.26315789473685,19.0
77,3564.0,5,0,0,0,0,0,0,0,0,0,0,0,0,0,0,0,0,0,0,0,0,0,0,0,0,0,0,0,0,0,0,0,4,2,3,7,3,3,1,2,6,4,1,4,0,0,0,0,0,0,88.0,2.0,0.0,0.0,0.0,0.0,85.0,2.0,87.46666666666668,15.0,87.26315789473685,19.0
78,3568.0,1,0,0,0,0,0,0,0,0,0,0,0,0,0,0,0,0,0,0,0,0,0,0,0,0,0,0,0,0,0,0,0,2,3,3,1,3,6,5,0,0,0,0,0,0,0,0,0,0,0,91.0,2.0,0.0,0.0,0.0,0.0,0.0,0.0,83.3157894736842,19.0,84.04761904761905,21.0
79,3583.0,1,0,0,0,0,0,0,0,0,0,0,0,0,0,0,0,0,0,0,0,0,0,0,0,0,0,0,0,0,0,0,0,1,1,2,2,0,0,0,0,0,0,2,3,4,0,0,0,0,0,0.0,0.0,0.0,0.0,0.0,0.0,85.0,2.0,85.125,16.0,85.1111111111111,18.0
80,3587.0,1,1,1,1,2,1,0,0,0,0,0,0,0,0,0,0,0,0,0,0,0,0,0,0,0,0,0,0,0,0,0,0,0,0,0,0,0,0,0,0,0,0,0,0,0,0,0,0,0,0,0.0,0.0,0.0,0.0,0.0,0.0,0.0,0.0,84.7741935483871,15.5,84.7741935483871,15.5
81,3826.0,3,1,1,1,4,5,0,0,0,0,0,0,0,0,0,0,0,0,0,0,0,0,0,0,0,0,0,0,0,0,0,0,0,0,0,0,0,0,0,0,0,0,0,0,0,0,0,0,0,0,0.0,0.0,0.0,0.0,0.0,0.0,0.0,0.0,87.57142857142857,28.0,87.57142857142857,28.0
82,3834.0,3,1,1,1,3,1,0,0,0,0,0,0,0,0,0,0,0,0,0,0,0,0,0,0,0,0,0,0,2,3,3,0,0,0,0,0,0,0,0,0,0,0,0,0,0,0,0,0,0,0,0.0,0.0,0.0,0.0,0.0,0.0,0.0,0.0,87.625,28.0,87.625,28.0
83,3836.0,3,1,1,1,4,5,0,0,0,0,0,0,0,0,0,0,0,0,0,0,0,0,0,0,0,0,0,0,1,4,0,0,0,0,0,0,0,0,0,0,0,0,1,4,0,0,0,0,0,0,0.0,0.0,0.0,0.0,96.0,3.0,0.0,0.0,91.20833333333331,24.0,91.74074074074076,27.0
84,3838.0,3,1,1,1,3,1,0,0,0,0,0,0,0,0,0,0,0,0,0,0,0,0,0,0,0,0,0,0,1,4,0,0,0,0,0,0,0,0,0,0,0,0,0,0,0,0,0,0,0,0,0.0,0.0,0.0,0.0,0.0,0.0,85.0,2.0,90.04166666666669,24.0,89.65384615384615,26.0
85,3839.0,3,1,3,1,4,7,0,0,0,0,0,0,0,0,0,0,0,0,0,0,0,0,0,0,0,0,0,0,1,4,0,0,0,0,0,0,0,0,0,0,0,0,0,0,0,0,0,0,0,0,0.0,0.0,0.0,0.0,0.0,0.0,0.0,0.0,87.39285714285714,28.0,87.39285714285714,28.0
86,3840.0,3,1,3,3,4,4,0,0,0,0,0,0,0,0,0,0,0,0,0,0,0,0,0,0,0,0,0,0,0,0,0,0,0,0,0,0,0,0,0,0,0,0,2,4,4,0,0,0,0,0,0.0,0.0,0.0,0.0,96.0,3.0,0.0,0.0,86.98076923076924,26.0,87.91379310344826,29.0
87,3842.0,3,2,1,1,3,1,1,1,3,1,0,0,0,0,0,0,0,0,0,0,0,0,0,0,0,0,0,0,0,0,0,0,0,0,0,0,0,0,0,0,0,0,0,0,0,0,0,0,0,0,0.0,0.0,0.0,0.0,0.0,0.0,0.0,0.0,84.3888888888889,27.0,84.3888888888889,27.0
88,3846.0,3,0,0,0,0,0,0,0,0,0,0,0,0,0,0,0,0,0,0,0,0,0,0,0,0,0,0,0,0,0,0,0,1,6,6,3,0,0,0,0,0,0,0,0,0,0,0,0,0,0,0.0,0.0,0.0,0.0,0.0,0.0,0.0,0.0,86.10344827586206,29.0,86.10344827586206,29.0
89,3847.0,3,2,1,1,4,5,1,1,4,5,0,0,0,0,0,0,0,0,0,0,0,0,0,0,0,0,0,0,0,0,0,0,0,0,0,0,0,0,0,0,0,0,0,0,0,0,0,0,0,0,0.0,0.0,0.0,0.0,0.0,0.0,85.0,2.0,85.26,25.0,85.24074074074075,27.0
90,3850.0,3,0,0,0,0,0,0,0,0,0,0,0,0,0,0,0,0,0,0,0,0,0,0,0,0,0,0,0,1,6,0,0,0,0,0,0,0,0,0,0,0,0,0,0,0,0,0,0,0,0,0.0,0.0,0.0,0.0,97.0,3.0,0.0,0.0,86.44,25.0,87.57142857142857,28.0
91,3853.0,2,1,3,1,1,3,0,0,0,0,0,0,0,0,0,0,0,0,0,0,0,0,0,0,0,0,0,0,0,0,0,0,0,0,0,0,0,0,0,0,0,0,0,0,0,0,0,0,0,0,0.0,0.0,0.0,0.0,96.0,3.0,0.0,0.0,89.14583333333331,24.0,89.9074074074074,27.0
92,3858.0,3,2,1,1,3,1,3,4,3,4,0,0,0,0,0,0,0,0,0,0,0,0,0,0,0,0,0,0,0,0,0,0,0,0,0,0,0,0,0,0,0,0,0,0,0,0,0,0,0,0,0.0,0.0,0.0,0.0,0.0,0.0,0.0,0.0,86.60714285714286,28.0,86.60714285714286,28.0
93,3865.0,3,0,0,0,0,0,0,0,0,0,0,0,0,0,0,0,0,0,0,0,0,0,0,0,0,0,0,0,0,0,0,0,0,0,0,0,0,0,0,0,0,0,1,5,0,0,0,0,0,0,0.0,0.0,0.0,0.0,0.0,0.0,0.0,0.0,88.5,28.0,88.5,28.0
94,3866.0,3,1,3,3,4,4,0,0,0,0,0,0,0,0,0,0,0,0,0,0,0,0,0,0,0,0,0,0,1,6,0,0,0,0,0,0,0,0,0,0,0,0,2,4,4,0,0,0,0,0,0.0,0.0,0.0,0.0,0.0,0.0,0.0,0.0,91.35185185185185,27.0,91.35185185185185,27.0
95,3869.0,2,2,1,3,2,2,3,1,1,3,0,0,0,0,0,0,0,0,0,0,0,0,0,0,0,0,0,0,0,0,0,0,0,0,0,0,0,0,0,0,0,0,0,0,0,0,0,0,0,0,0.0,0.0,0.0,0.0,0.0,0.0,0.0,0.0,88.4642857142857,28.0,88.4642857142857,28.0
96,3874.0,3,1,1,1,3,1,0,0,0,0,0,0,0,0,0,0,0,0,0,0,0,0,0,0,0,0,0,0,0,0,0,0,0,0,0,0,0,0,0,0,0,0,0,0,0,0,0,0,0,0,0.0,0.0,0.0,0.0,87.8,5.0,85.0,2.0,79.80769230769229,26.0,81.33333333333333,33.0
97,3877.0,3,1,1,1,3,1,0,0,0,0,0,0,0,0,0,0,0,0,0,0,0,0,0,0,0,0,0,0,2,6,6,0,0,0,0,0,0,0,0,0,0,0,0,0,0,0,0,0,0,0,0.0,0.0,0.0,0.0,0.0,0.0,85.0,2.0,84.72916666666667,24.0,84.75,26.0
98,3883.0,3,0,0,0,0,0,0,0,0,0,0,0,0,0,0,0,0,0,0,0,0,0,0,0,0,0,0,0,0,0,0,0,0,0,0,0,0,0,0,0,0,0,1,2,0,0,0,0,0,0,0.0,0.0,0.0,0.0,0.0,0.0,0.0,0.0,89.05555555555556,27.0,89.05555555555556,27.0
99,3885.0,3,1,1,1,3,1,0,0,0,0,0,0,0,0,1,1,0,0,0,0,0,0,0,0,0,0,0,0,0,0,0,0,0,0,0,0,0,0,0,0,0,0,0,0,0,0,0,0,0,0,0.0,0.0,0.0,0.0,0.0,0.0,0.0,0.0,85.96610169491525,29.5,85.96610169491525,29.5
100,3888.0,3,0,0,0,0,0,0,0,0,0,0,0,0,0,0,0,0,0,0,0,0,0,0,0,0,0,0,0,1,6,0,0,0,0,0,0,0,0,0,0,0,0,0,0,0,0,0,0,0,0,0.0,0.0,0.0,0.0,0.0,0.0,0.0,0.0,86.2857142857143,28.0,86.2857142857143,28.0
101,3893.0,2,1,1,1,2,1,0,0,0,0,0,0,0,0,0,0,0,0,0,0,0,0,0,0,0,0,0,0,0,0,0,0,0,0,0,0,0,0,0,0,0,0,0,0,0,0,0,0,0,0,0.0,0.0,0.0,0.0,0.0,0.0,0.0,0.0,89.37037037037037,27.0,89.37037037037037,27.0
102,3895.0,3,1,1,1,4,5,0,0,0,0,0,0,0,0,0,0,0,0,0,0,0,0,0,0,0,0,0,0,2,3,5,0,1,3,3,1,0,0,0,0,0,0,0,0,0,0,0,0,0,0,0.0,0.0,0.0,0.0,0.0,0.0,85.0,2.0,83.39583333333333,24.0,83.51923076923076,26.0
103,3896.0,2,1,1,2,2,2,0,0,0,0,0,0,0,0,0,0,0,0,0,0,0,0,0,0,0,0,0,0,0,0,0,0,0,0,0,0,0,0,0,0,0,0,0,0,0,0,0,0,0,0,0.0,0.0,0.0,0.0,0.0,0.0,0.0,0.0,89.375,28.0,89.375,28.0
104,3900.0,0,1,1,1,4,5,0,0,0,0,0,0,0,0,0,0,0,0,0,0,0,0,0,0,0,0,0,0,0,0,0,0,0,0,0,0,0,0,0,0,0,0,0,0,0,0,1,1,0,0,0.0,0.0,0.0,0.0,0.0,0.0,0.0,0.0,87.24074074074076,27.0,87.24074074074076,27.0
105,3904.0,3,0,0,0,0,0,0,0,0,0,0,0,0,0,0,0,0,0,0,0,0,0,0,0,0,0,0,0,2,6,6,0,0,0,0,0,0,0,0,0,0,0,0,0,0,0,0,0,0,0,0.0,0.0,0.0,0.0,0.0,0.0,85.0,2.0,85.9375,24.0,85.86538461538461,26.0
106,3907.0,2,2,3,2,2,7,3,2,2,7,0,0,0,0,0,0,0,0,0,0,0,0,0,0,0,0,0,0,0,0,0,0,0,0,0,0,0,0,0,0,0,0,0,0,0,0,0,0,0,0,0.0,0.0,0.0,0.0,96.0,3.0,0.0,0.0,86.08333333333331,24.0,87.18518518518519,27.0
107,3915.0,3,0,0,0,0,0,0,0,0,0,0,0,0,0,0,0,0,0,0,0,0,0,0,0,0,0,0,0,1,4,0,0,0,0,0,0,0,0,0,0,0,0,2,3,4,0,0,0,0,0,0.0,0.0,0.0,0.0,0.0,0.0,0.0,0.0,88.64285714285714,28.0,88.64285714285714,28.0
108,3917.0,3,1,1,1,4,5,0,0,0,0,0,0,0,0,0,0,0,0,0,0,0,0,0,0,0,0,0,0,0,0,0,0,0,0,0,0,0,0,0,0,0,0,0,0,0,0,0,0,0,0,0.0,0.0,0.0,0.0,0.0,0.0,0.0,0.0,88.0357142857143,28.0,88.0357142857143,28.0
109,3919.0,3,1,1,1,3,1,0,0,0,0,0,0,0,0,0,0,0,0,0,0,0,0,0,0,0,0,0,0,0,0,0,0,0,0,0,0,0,0,0,0,0,0,2,4,4,0,0,0,0,0,0.0,0.0,0.0,0.0,91.0,3.0,0.0,0.0,89.36,25.0,89.5357142857143,28.0
110,3922.0,3,1,1,1,4,5,0,0,0,0,0,0,0,0,0,0,0,0,0,0,0,0,0,0,0,0,0,0,0,0,0,0,0,0,0,0,0,0,0,0,0,0,0,0,0,0,0,0,0,0,0.0,0.0,0.0,0.0,98.0,3.0,85.0,2.0,90.06521739130434,23.0,90.55357142857143,28.0
111,3925.0,2,1,3,1,1,3,0,0,0,0,0,0,0,0,0,0,0,0,0,0,0,0,0,0,0,0,0,0,0,0,0,0,0,0,0,0,0,0,0,0,0,0,0,0,0,0,0,0,0,0,0.0,0.0,0.0,0.0,0.0,0.0,0.0,0.0,91.0,28.0,91.0,28.0
112,3927.0,2,1,3,1,1,3,0,0,0,0,0,0,0,0,0,0,0,0,0,0,0,0,0,0,0,0,0,0,0,0,0,0,0,0,0,0,0,0,0,0,0,0,0,0,0,0,0,0,0,0,0.0,0.0,0.0,0.0,0.0,0.0,0.0,0.0,84.66071428571429,28.0,84.66071428571429,28.0
113,3928.0,2,2,1,1,1,6,3,1,1,3,0,0,0,0,1,1,0,0,0,0,0,0,0,0,0,0,0,0,0,0,0,0,0,0,0,0,0,0,0,0,0,0,0,0,0,0,0,0,0,0,0.0,0.0,0.0,0.0,0.0,0.0,0.0,0.0,89.24074074074076,27.0,89.24074074074076,27.0
114,3931.0,3,0,0,0,0,0,0,0,0,0,0,0,0,0,0,0,0,0,0,0,0,0,0,0,0,0,0,0,0,0,0,0,1,3,6,5,0,0,0,0,0,0,1,4,0,0,0,0,0,0,0.0,0.0,0.0,0.0,0.0,0.0,0.0,0.0,86.14285714285714,28.0,86.14285714285714,28.0
115,3932.0,2,0,0,0,0,0,0,0,0,0,0,0,0,0,0,0,0,0,0,0,0,0,0,0,0,0,0,0,0,0,0,0,0,0,0,0,0,0,0,0,0,0,4,4,4,4,0,0,0,0,0.0,0.0,0.0,0.0,0.0,0.0,0.0,0.0,88.06896551724138,29.0,88.06896551724138,29.0
116,3933.0,2,1,1,1,4,5,0,0,0,0,0,0,0,0,1,1,0,0,0,0,0,0,0,0,0,0,0,0,1,3,0,0,0,0,0,0,0,0,0,0,0,0,1,4,0,0,0,0,0,0,0.0,0.0,0.0,0.0,0.0,0.0,0.0,0.0,84.66071428571429,28.0,84.66071428571429,28.0
117,3934.0,2,1,1,2,2,2,0,0,0,0,0,0,0,0,1,1,0,0,0,0,0,0,0,0,0,0,0,0,1,6,0,0,0,0,0,0,0,0,0,0,0,0,0,0,0,0,0,0,0,0,0.0,0.0,0.0,0.0,0.0,0.0,0.0,0.0,89.98214285714286,28.0,89.98214285714286,28.0
118,3935.0,3,1,1,1,4,5,0,0,0,0,0,0,0,0,3,1,1,2,0,0,0,0,0,0,0,0,0,0,1,6,0,0,0,0,0,0,0,0,0,0,0,0,2,4,5,0,0,0,0,0,0.0,0.0,0.0,0.0,93.0,3.0,0.0,0.0,86.90384615384615,26.0,87.53448275862068,29.0
119,3936.0,3,2,3,3,4,4,3,3,4,4,0,0,0,0,0,0,0,0,0,0,0,0,0,0,0,0,0,0,0,0,0,0,0,0,0,0,0,0,0,0,0,0,0,0,0,0,0,0,0,0,0.0,0.0,0.0,0.0,0.0,0.0,0.0,0.0,87.06451612903227,31.0,87.06451612903227,31.0
120,3938.0,3,0,0,0,0,0,0,0,0,0,0,0,0,0,1,1,0,0,0,0,0,0,0,0,0,0,0,0,1,6,0,0,0,0,0,0,0,0,0,0,0,0,0,0,0,0,0,0,0,0,0.0,0.0,0.0,0.0,90.0,3.0,0.0,0.0,83.8888888888889,27.0,84.5,30.0
121,3940.0,3,0,0,0,0,0,0,0,0,0,0,0,0,0,0,0,0,0,0,0,0,0,0,0,0,0,0,0,0,0,0,0,0,0,0,0,0,0,0,0,0,0,0,0,0,0,1,2,0,0,0.0,0.0,0.0,0.0,90.73684210526315,9.5,0.0,0.0,91.51612903225808,15.5,91.22,25.0
122,3942.0,3,0,0,0,0,0,0,0,0,0,0,0,0,0,0,0,0,0,0,0,0,0,0,0,0,0,0,0,0,0,0,0,1,5,2,6,0,0,0,0,0,0,0,0,0,0,0,0,0,0,0.0,0.0,0.0,0.0,84.4,7.5,0.0,0.0,88.6,17.5,87.34,25.0
123,3945.0,2,0,0,0,0,0,0,0,0,0,0,0,0,0,1,1,0,0,0,0,0,0,0,0,0,0,0,0,0,0,0,0,0,0,0,0,0,0,0,0,0,0,0,0,0,0,0,0,0,0,0.0,0.0,0.0,0.0,91.0,6.5,0.0,0.0,89.43243243243244,18.5,89.84,25.0
124,3948.0,2,2,3,1,1,3,3,1,1,3,0,0,0,0,1,1,0,0,0,0,0,0,0,0,0,0,0,0,0,0,0,0,0,0,0,0,0,0,0,0,0,0,0,0,0,0,0,0,0,0,0.0,0.0,0.0,0.0,90.92307692307692,6.5,0.0,0.0,92.45454545454544,16.5,92.02173913043478,23.0
125,3960.0,2,0,0,0,0,0,0,0,0,0,0,0,0,0,0,0,0,0,0,0,0,0,0,0,0,0,0,0,0,0,0,0,0,0,0,0,0,0,0,0,0,0,1,4,0,0,0,0,0,0,0.0,0.0,0.0,0.0,88.22222222222223,4.5,90.0,4.0,90.08888888888887,22.5,89.80645161290323,31.0
126,3964.0,2,1,2,1,2,1,0,0,0,0,0,0,0,0,0,0,0,0,0,0,0,0,0,0,0,0,0,0,0,0,0,0,0,0,0,0,0,0,0,0,0,0,0,0,0,0,0,0,0,0,0.0,0.0,0.0,0.0,88.37037037037037,13.5,0.0,0.0,89.28695652173911,11.5,88.792,25.0
127,3965.0,3,1,3,1,3,7,0,0,0,0,0,0,0,0,0,0,0,0,1,1,6,3,0,0,0,0,0,0,1,4,0,0,0,0,0,0,0,0,0,0,0,0,0,0,0,0,0,0,0,0,0.0,0.0,0.0,0.0,90.0,8.0,0.0,0.0,78.84210526315789,19.0,82.14814814814815,27.0
128,3977.0,3,1,1,1,4,5,0,0,0,0,0,0,0,0,0,0,0,0,0,0,0,0,0,0,0,0,0,0,0,0,0,0,0,0,0,0,0,0,0,0,0,0,1,4,0,0,0,0,0,0,0.0,0.0,0.0,0.0,92.36363636363636,5.5,0.0,0.0,88.12820512820512,19.5,89.06,25.0
129,3978.0,2,2,3,1,1,3,3,1,1,3,0,0,0,0,0,0,0,0,0,0,0,0,0,0,0,0,0,0,0,0,0,0,0,0,0,0,0,0,0,0,0,0,0,0,0,0,0,0,0,0,0.0,0.0,0.0,0.0,91.46666666666668,7.5,0.0,0.0,84.11428571428571,17.5,86.32,25.0
130,3996.0,1,0,0,0,0,0,0,0,0,0,0,0,0,0,0,0,0,0,0,0,0,0,0,0,0,0,0,0,0,0,0,0,0,0,0,0,0,0,0,0,0,0,1,4,0,0,0,0,0,0,0.0,0.0,0.0,0.0,0.0,0.0,0.0,0.0,85.04,12.5,85.04,12.5
131,3997.0,1,0,0,0,0,0,0,0,0,0,0,0,0,0,0,0,0,0,0,0,0,0,0,0,0,0,0,0,0,0,0,0,3,1,2,2,3,2,1,2,3,7,0,0,0,0,0,0,0,0,0.0,0.0,0.0,0.0,0.0,0.0,85.0,2.0,87.35714285714286,14.0,87.0625,16.0
132,4000.0,1,0,0,0,0,0,0,0,0,0,0,0,0,0,0,0,0,0,0,0,0,0,0,0,0,0,0,0,0,0,0,0,4,2,6,4,2,6,4,2,6,4,0,0,0,0,0,0,0,0,0.0,0.0,0.0,0.0,0.0,0.0,0.0,0.0,91.21212121212122,16.5,91.21212121212122,16.5
133,4012.0,1,0,0,0,0,0,0,0,0,0,0,0,0,0,0,0,0,0,0,0,0,0,0,0,0,0,0,0,1,2,0,0,0,0,0,0,0,0,0,0,0,0,0,0,0,0,0,0,0,0,0.0,0.0,0.0,0.0,0.0,0.0,0.0,0.0,77.0909090909091,11.0,77.0909090909091,11.0
134,4020.0,1,0,0,0,0,0,0,0,0,0,0,0,0,0,0,0,0,0,0,0,0,0,0,0,0,0,0,0,0,0,0,0,1,2,4,7,0,0,0,0,0,0,1,4,0,0,0,0,0,0,91.0,2.0,0.0,0.0,0.0,0.0,85.0,2.0,83.23529411764707,8.5,84.76,12.5
135,4021.0,1,1,1,2,2,2,0,0,0,0,0,0,0,0,0,0,0,0,0,0,0,0,0,0,0,0,0,0,0,0,0,0,0,0,0,0,0,0,0,0,0,0,0,0,0,0,0,0,0,0,0.0,0.0,0.0,0.0,0.0,0.0,0.0,0.0,88.7142857142857,17.5,88.7142857142857,17.5
136,4052.0,1,0,0,0,0,0,0,0,0,0,0,0,0,0,0,0,0,0,0,0,0,0,0,0,0,0,0,0,0,0,0,0,5,3,2,1,2,4,7,2,4,7,0,0,0,0,0,0,0,0,93.0,2.0,0.0,0.0,0.0,0.0,0.0,0.0,87.74358974358972,19.5,88.23255813953489,21.5
137,4064.0,1,0,0,0,0,0,0,0,0,0,0,0,0,0,0,0,0,0,0,0,0,0,0,0,0,0,0,0,0,0,0,0,1,3,3,1,0,0,0,0,0,0,1,4,0,0,0,0,0,0,0.0,0.0,0.0,0.0,0.0,0.0,0.0,0.0,84.8888888888889,13.5,84.8888888888889,13.5
138,4068.0,6,0,0,0,0,0,0,0,0,0,0,0,0,0,0,0,0,0,0,0,0,0,0,0,0,0,0,0,0,0,0,0,3,4,2,6,1,3,7,3,4,1,2,4,4,0,0,0,0,0,0.0,0.0,0.0,0.0,0.0,0.0,85.0,2.0,90.42857142857143,14.0,89.75,16.0
139,4070.0,1,0,0,0,0,0,0,0,0,0,0,0,0,0,0,0,0,0,0,0,0,0,0,0,0,0,0,0,0,0,0,0,0,0,0,0,0,0,0,0,0,0,1,4,0,0,0,0,0,0,98.0,2.0,0.0,0.0,0.0,0.0,0.0,0.0,90.0,12.0,91.14285714285714,14.0
140,4073.0,1,0,0,0,0,0,0,0,0,0,0,0,0,0,0,0,0,0,0,0,0,0,0,0,0,0,0,0,0,0,0,0,0,0,0,0,0,0,0,0,0,0,4,4,4,4,0,0,0,0,89.0,2.0,0.0,0.0,0.0,0.0,0.0,0.0,88.84848484848484,16.5,88.86486486486488,18.5
141,4080.0,6,0,0,0,0,0,0,0,0,0,0,0,0,0,0,0,0,0,0,0,0,0,0,0,0,0,0,0,0,0,0,0,3,3,6,5,3,6,5,3,6,5,0,0,0,0,0,0,0,0,0.0,0.0,0.0,0.0,0.0,0.0,85.0,2.0,82.66666666666667,9.0,83.0909090909091,11.0
142,4090.0,6,0,0,0,0,0,0,0,0,0,0,0,0,0,0,0,0,0,0,0,0,0,0,0,0,0,0,0,0,0,0,0,0,0,0,0,0,0,0,0,0,0,4,3,4,4,0,0,0,0,0.0,0.0,0.0,0.0,0.0,0.0,85.0,2.0,87.84210526315788,9.5,87.34782608695652,11.5
143,4091.0,4,0,0,0,0,0,0,0,0,0,0,0,0,0,0,0,0,0,0,0,0,0,0,0,0,0,0,0,0,0,0,0,0,0,0,0,0,0,0,0,0,0,2,4,4,0,2,1,2,0,0.0,0.0,0.0,0.0,0.0,0.0,85.0,2.0,87.72727272727273,11.0,87.30769230769229,13.0
144,4092.0,7,0,0,0,0,0,0,0,0,0,0,0,0,0,0,0,0,0,0,0,0,0,0,0,0,0,0,0,0,0,0,0,1,4,4,6,0,0,0,0,0,0,0,0,0,0,0,0,0,0,98.0,2.0,0.0,0.0,0.0,0.0,0.0,0.0,83.66666666666667,9.0,86.27272727272727,11.0
145,4096.0,4,0,0,0,0,0,0,0,0,0,0,0,0,0,0,0,0,0,0,0,0,0,0,0,0,0,0,0,0,0,0,0,1,2,6,4,0,0,0,0,0,0,3,4,4,4,0,0,0,0,0.0,0.0,0.0,0.0,0.0,0.0,0.0,0.0,84.0,11.0,84.0,11.0
146,4097.0,6,0,0,0,0,0,0,0,0,0,0,0,0,0,0,0,0,0,0,0,0,0,0,0,0,0,0,0,0,0,0,0,0,0,0,0,0,0,0,0,0,0,1,4,0,0,0,0,0,0,0.0,0.0,0.0,0.0,0.0,0.0,0.0,0.0,81.7037037037037,13.5,81.7037037037037,13.5
147,4102.0,6,0,0,0,0,0,0,0,0,0,0,0,0,0,0,0,0,0,0,0,0,0,0,0,0,0,0,0,0,0,0,0,0,0,0,0,0,0,0,0,0,0,1,4,0,0,0,0,0,0,74.0,2.0,0.0,0.0,0.0,0.0,85.0,2.0,86.85714285714286,7.0,84.18181818181819,11.0
148,4109.0,6,0,0,0,0,0,0,0,0,0,0,0,0,0,0,0,0,0,0,0,0,0,0,0,0,0,0,0,0,0,0,0,3,2,2,1,2,2,1,3,4,1,0,0,0,0,0,0,0,0,88.0,2.0,0.0,0.0,0.0,0.0,85.0,2.0,87.14285714285714,7.0,86.9090909090909,11.0
149,4111.0,4,0,0,0,0,0,0,0,0,0,0,0,0,0,0,0,0,0,0,0,0,0,0,0,0,0,0,0,1,6,0,0,3,4,3,6,4,4,6,4,4,6,3,4,5,5,0,0,0,0,78.0,2.0,0.0,0.0,0.0,0.0,0.0,0.0,90.11111111111113,9.0,87.9090909090909,11.0
150,4112.0,6,0,0,0,0,0,0,0,0,0,0,0,0,0,0,0,0,0,0,0,0,0,0,0,0,0,0,0,0,0,0,0,2,4,3,6,4,3,6,0,0,0,10,2,3,3,0,0,0,0,96.0,2.0,0.0,0.0,0.0,0.0,0.0,0.0,91.66666666666669,9.0,92.45454545454544,11.0
151,4120.0,6,0,0,0,0,0,0,0,0,0,0,0,0,0,0,0,0,0,0,0,0,0,0,0,0,0,0,0,0,0,0,0,0,0,0,0,0,0,0,0,0,0,3,4,4,5,0,0,0,0,0.0,0.0,0.0,0.0,0.0,0.0,85.0,2.0,86.33333333333331,6.0,86.0,8.0
152,4122.0,6,0,0,0,0,0,0,0,0,0,0,0,0,0,0,0,0,0,4,3,3,1,2,4,5,3,4,5,0,0,0,0,4,3,3,1,2,4,7,3,4,1,0,0,0,0,0,0,0,0,96.0,2.0,0.0,0.0,0.0,0.0,85.0,2.0,89.57142857142857,7.0,89.9090909090909,11.0
153,4123.0,4,0,0,0,0,0,0,0,0,0,0,0,0,0,0,0,0,0,0,0,0,0,0,0,0,0,0,0,0,0,0,0,0,0,0,0,0,0,0,0,0,0,2,2,3,0,0,0,0,0,98.0,2.0,0.0,0.0,0.0,0.0,0.0,0.0,85.55555555555556,9.0,87.81818181818181,11.0
154,4124.0,5,0,0,0,0,0,0,0,0,0,0,0,0,0,0,0,0,0,3,3,2,7,3,4,5,3,4,5,0,0,0,0,0,0,0,0,0,0,0,0,0,0,0,0,0,0,0,0,0,0,0.0,0.0,0.0,0.0,0.0,0.0,85.0,2.0,85.5625,8.0,85.45,10.0
155,4125.0,1,0,0,0,0,0,0,0,0,0,0,0,0,0,0,0,0,0,0,0,0,0,0,0,0,0,0,0,0,0,0,0,0,0,0,0,0,0,0,0,0,0,3,3,4,4,0,0,0,0,0.0,0.0,0.0,0.0,0.0,0.0,85.0,2.0,89.0,11.5,88.4074074074074,13.5
156,4137.0,0,1,2,1,3,1,0,0,0,0,0,0,0,0,0,0,0,0,0,0,0,0,0,0,0,0,0,0,0,0,0,0,0,0,0,0,0,0,0,0,0,0,0,0,0,0,0,0,0,0,0.0,0.0,0.0,0.0,92.6,2.5,0.0,0.0,84.06666666666666,22.5,84.92,25.0
157,4138.0,3,0,0,0,0,0,0,0,0,0,0,0,0,0,0,0,0,0,0,0,0,0,0,0,0,0,0,0,0,0,0,0,0,0,0,0,0,0,0,0,0,0,0,0,0,0,4,6,6,6,0.0,0.0,0.0,0.0,81.72727272727273,5.5,0.0,0.0,88.48717948717949,19.5,87.0,25.0
158,4140.0,3,0,0,0,0,0,0,0,0,0,0,0,0,0,1,1,0,0,0,0,0,0,0,0,0,0,0,0,0,0,0,0,0,0,0,0,0,0,0,0,0,0,0,0,0,0,0,0,0,0,0.0,0.0,0.0,0.0,86.0,8.5,0.0,0.0,86.75757575757574,16.5,86.5,25.0
159,4142.0,3,1,3,3,4,4,0,0,0,0,0,0,0,0,0,0,0,0,0,0,0,0,0,0,0,0,0,0,0,0,0,0,0,0,0,0,0,0,0,0,0,0,0,0,0,0,0,0,0,0,0.0,0.0,0.0,0.0,84.0,5.0,0.0,0.0,84.31,20.0,84.24799999999998,25.0
160,4170.0,1,0,0,0,0,0,0,0,0,0,0,0,0,0,0,0,0,0,0,0,0,0,0,0,0,0,0,0,0,0,0,0,2,2,1,2,2,4,7,0,0,0,1,2,0,0,0,0,0,0,0.0,0.0,0.0,0.0,0.0,0.0,85.0,2.0,87.8,15.0,87.47058823529413,17.0
161,4201.0,3,1,1,1,3,1,0,0,0,0,0,0,0,0,0,0,0,0,0,0,0,0,0,0,0,0,0,0,0,0,0,0,0,0,0,0,0,0,0,0,0,0,0,0,0,0,0,0,0,0,0.0,0.0,0.0,0.0,89.23076923076924,13.0,0.0,0.0,89.58333333333331,12.0,89.4,25.0
162,4225.0,3,0,0,0,0,0,0,0,0,0,0,0,0,0,0,0,0,0,0,0,0,0,0,0,0,0,0,0,2,6,6,0,0,0,0,0,0,0,0,0,0,0,0,0,0,0,0,0,0,0,0.0,0.0,0.0,0.0,88.73684210526315,9.5,0.0,0.0,86.74193548387095,15.5,87.5,25.0
163,4228.0,3,0,0,0,0,0,0,0,0,0,0,0,0,0,0,0,0,0,0,0,0,0,0,0,0,0,0,0,0,0,0,0,0,0,0,0,0,0,0,0,0,0,0,0,0,0,2,2,6,0,0.0,0.0,0.0,0.0,87.46666666666668,7.5,0.0,0.0,85.53142857142856,17.5,86.11200000000002,25.0
164,4231.0,3,0,0,0,0,0,0,0,0,0,0,0,0,0,0,0,0,0,0,0,0,0,0,0,0,0,0,0,0,0,0,0,0,0,0,0,0,0,0,0,0,0,0,0,0,0,1,2,0,0,0.0,0.0,0.0,0.0,89.2,5.0,0.0,0.0,89.2,20.0,89.2,25.0
165,4232.0,3,0,0,0,0,0,0,0,0,0,0,0,0,0,0,0,0,0,0,0,0,0,0,0,0,0,0,0,0,0,0,0,0,0,0,0,0,0,0,0,0,0,1,4,0,0,0,0,0,0,0.0,0.0,0.0,0.0,90.42105263157896,9.5,0.0,0.0,90.79354838709679,15.5,90.652,25.0
166,4233.0,3,0,0,0,0,0,0,0,0,0,0,0,0,0,0,0,0,0,0,0,0,0,0,0,0,0,0,0,0,0,0,0,0,0,0,0,0,0,0,0,0,0,0,0,0,0,1,6,0,0,0.0,0.0,0.0,0.0,88.0,8.0,0.0,0.0,86.64705882352942,17.0,87.08,25.0
167,4238.0,1,0,0,0,0,0,0,0,0,0,0,0,0,0,0,0,0,0,3,2,6,6,6,6,2,6,6,2,0,0,0,0,0,0,0,0,0,0,0,0,0,0,4,4,4,4,0,0,0,0,70.0,2.0,0.0,0.0,0.0,0.0,0.0,0.0,82.96296296296295,13.5,81.29032258064517,15.5
168,4317.0,2,0,0,0,0,0,0,0,0,0,0,0,0,0,0,0,0,0,1,1,6,3,0,0,0,0,0,0,0,0,0,0,0,0,0,0,0,0,0,0,0,0,3,4,5,5,0,0,0,0,0.0,0.0,0.0,0.0,0.0,0.0,85.0,2.0,85.0,24.0,85.0,26.0
169,4318.0,2,2,1,1,2,1,1,2,2,2,0,0,0,0,0,0,0,0,0,0,0,0,0,0,0,0,0,0,0,0,0,0,0,0,0,0,0,0,0,0,0,0,0,0,0,0,0,0,0,0,0.0,0.0,0.0,0.0,0.0,0.0,0.0,0.0,86.64285714285714,28.0,86.64285714285714,28.0
170,4322.0,0,1,1,2,2,2,0,0,0,0,0,0,0,0,0,0,0,0,0,0,0,0,0,0,0,0,0,0,0,0,0,0,0,0,0,0,0,0,0,0,0,0,0,0,0,0,0,0,0,0,0.0,0.0,0.0,0.0,0.0,0.0,85.0,2.0,82.48076923076924,26.0,82.66071428571429,28.0
171,4323.0,3,1,1,3,4,2,0,0,0,0,0,0,0,0,0,0,0,0,0,0,0,0,0,0,0,0,0,0,0,0,0,0,0,0,0,0,0,0,0,0,0,0,0,0,0,0,0,0,0,0,0.0,0.0,0.0,0.0,0.0,0.0,0.0,0.0,84.16666666666667,27.0,84.16666666666667,27.0
172,4324.0,3,0,0,0,0,0,0,0,0,0,0,0,0,0,0,0,0,0,0,0,0,0,0,0,0,0,0,0,2,5,5,0,0,0,0,0,0,0,0,0,0,0,1,2,0,0,0,0,0,0,0.0,0.0,0.0,0.0,0.0,0.0,0.0,0.0,86.578125,32.0,86.578125,32.0
173,4327.0,2,1,3,1,1,3,0,0,0,0,0,0,0,0,0,0,0,0,0,0,0,0,0,0,0,0,0,0,0,0,0,0,0,0,0,0,0,0,0,0,0,0,0,0,0,0,0,0,0,0,0.0,0.0,0.0,0.0,89.0,11.5,0.0,0.0,88.62962962962963,13.5,88.8,25.0
174,4330.0,1,0,0,0,0,0,0,0,0,0,0,0,0,0,0,0,0,0,2,3,2,7,1,3,4,0,0,0,0,0,0,0,0,0,0,0,0,0,0,0,0,0,3,4,4,4,0,0,0,0,84.0,4.0,0.0,0.0,0.0,0.0,0.0,0.0,87.32258064516131,15.5,86.64102564102564,19.5
175,4341.0,1,0,0,0,0,0,0,0,0,0,0,0,0,0,0,0,0,0,0,0,0,0,0,0,0,0,0,0,0,0,0,0,1,2,3,7,0,0,0,0,0,0,4,4,4,4,0,0,0,0,0.0,0.0,0.0,0.0,0.0,0.0,0.0,0.0,86.0,16.0,86.0,16.0
176,4345.0,5,0,0,0,0,0,0,0,0,0,0,0,0,0,0,0,0,0,0,0,0,0,0,0,0,0,0,0,0,0,0,0,0,0,0,0,0,0,0,0,0,0,3,3,3,4,0,0,0,0,0.0,0.0,0.0,0.0,0.0,0.0,0.0,0.0,83.25,16.0,83.25,16.0
177,4348.0,4,0,0,0,0,0,0,0,0,0,0,0,0,0,0,0,0,0,2,2,3,1,3,3,1,0,0,0,0,0,0,0,0,0,0,0,0,0,0,0,0,0,0,0,0,0,0,0,0,0,0.0,0.0,0.0,0.0,0.0,0.0,85.0,2.0,79.53333333333333,7.5,80.6842105263158,9.5
178,4349.0,1,0,0,0,0,0,0,0,0,0,0,0,0,0,0,0,0,0,0,0,0,0,0,0,0,0,0,0,0,0,0,0,0,0,0,0,0,0,0,0,0,0,3,2,4,4,0,0,0,0,0.0,0.0,0.0,0.0,0.0,0.0,0.0,0.0,87.14285714285714,14.0,87.14285714285714,14.0
179,4357.0,7,0,0,0,0,0,0,0,0,0,0,0,0,0,0,0,0,0,0,0,0,0,0,0,0,0,0,0,0,0,0,0,0,0,0,0,0,0,0,0,0,0,3,4,4,4,0,0,0,0,0.0,0.0,0.0,0.0,0.0,0.0,0.0,0.0,89.72727272727273,11.0,89.72727272727273,11.0
180,4367.0,7,0,0,0,0,0,0,0,0,0,0,0,0,0,0,0,0,0,0,0,0,0,0,0,0,0,0,0,0,0,0,0,0,0,0,0,0,0,0,0,0,0,0,0,0,0,1,6,0,0,0.0,0.0,0.0,0.0,0.0,0.0,85.0,2.0,76.71428571428571,7.0,78.55555555555556,9.0
181,4392.0,6,0,0,0,0,0,0,0,0,0,0,0,0,0,0,0,0,0,0,0,0,0,0,0,0,0,0,0,0,0,0,0,0,0,0,0,0,0,0,0,0,0,3,4,4,4,0,0,0,0,0.0,0.0,0.0,0.0,0.0,0.0,85.0,2.0,88.42857142857143,14.0,88.0,16.0
182,4398.0,5,0,0,0,0,0,0,0,0,0,0,0,0,0,0,0,0,0,1,1,3,4,0,0,0,0,0,0,0,0,0,0,0,0,0,0,0,0,0,0,0,0,2,2,4,0,0,0,0,0,0.0,2.0,0.0,0.0,0.0,0.0,85.0,2.0,0.0,14.5,9.18918918918919,18.5
183,4446.0,1,0,0,0,0,0,0,0,0,0,0,0,0,0,0,0,0,0,0,0,0,0,0,0,0,0,0,0,0,0,0,0,4,2,3,7,2,4,7,1,6,4,0,0,0,0,0,0,0,0,0.0,0.0,0.0,0.0,0.0,0.0,0.0,0.0,82.84848484848484,16.5,82.84848484848484,16.5
